business_name,website,address,city,province,zip,country,source,search_query,place_id,vicinity,latitude,longitude,formatted_phone_number,international_phone_number,rating,user_ratings_total,price_level,google_maps_url,business_status,opening_hours_available,photos_count,primary_type,editorial_summary,types,serves_beer,serves_breakfast,serves_brunch,serves_dinner,serves_lunch,serves_vegetarian_food,serves_wine
Sir Printing Solutions-PHOTO LAB,http://sirprinting.ca/,1556 Lonsdale Ave,North Vancouver,BC,V7M 2J3,CA,google_places_text_search,print shop in Vancouver BC Canada,ChIJvUjjjDhwhlQRn-DT4OBmyCw,"1556 Lonsdale Ave, North Vancouver",49.322976,-123.0721131,(604) 980-3860,+1 604-980-3860,4.1,104,,https://maps.google.com/?cid=3226942249041649823,OPERATIONAL,true,1,establishment,,establishment;point_of_interest;store,,,,,,,
PrintOnDemand,,821 15th St W,North Vancouver,BC,V7P 1M5,CA,google_places_text_search,print shop in Vancouver BC Canada,ChIJTbLgSzhwhlQRQFliwS-rORE,"821 15th St W, North Vancouver",49.3220886,-123.0954793,(778) 340-6666,+1 778-340-6666,4.8,87,,https://maps.google.com/?cid=1241211393913542976,OPERATIONAL,true,1,establishment,,establishment;point_of_interest;store,,,,,,,
Magic Copy Computer,http://www.facebook.com/magiccopycomputer,110 3rd St W,North Vancouver,BC,V7M 1E8,CA,google_places_text_search,print shop in Vancouver BC Canada,ChIJ3_URD0xwhlQRpWDXgMxRIL8,"110 3rd St W, North Vancouver",49.3137783,-123.0773619,(604) 984-0018,+1 604-984-0018,4.7,56,,https://maps.google.com/?cid=13772097599275753637,OPERATIONAL,true,1,establishment,,establishment;point_of_interest;store,,,,,,,
Vanco Print & Signs North Vancouver,http://vancoprint.com/,1488 Pemberton Ave,North Vancouver,BC,V7P 2S1,CA,google_places_text_search,print shop in Vancouver BC Canada,ChIJYRrjzhkrhFQRdQMFMZgCHQ0,"1488 Pemberton Ave, North Vancouver",49.3218551,-123.1076278,(604) 990-7272,+1 604-990-7272,4.6,19,,https://maps.google.com/?cid=944914349498368885,OPERATIONAL,true,1,establishment,,establishment;point_of_interest;store,,,,,,,
Inprint Graphics & Copying,http://www.inprintgraphic.ca/,1925 W Broadway,Vancouver,BC,V6J 1Z3,CA,google_places_text_search,print shop in Vancouver BC Canada,ChIJ8wpJQbdzhlQRCcO_JFJyTgE,"1925 W Broadway, Vancouver",49.2639455,-123.1488476,(604) 739-8308,+1 604-739-8308,3.5,180,,https://maps.google.com/?cid=94138339350790921,OPERATIONAL,true,1,establishment,,establishment;point_of_interest;store,,,,,,,
247 Copies Online,http://247copies.online/,1155 W Pender St #708,Vancouver,BC,V6E 2P4,CA,google_places_text_search,print shop in Vancouver BC Canada,ChIJIf1nozdxhlQRNI5NNZ4bdv4,"1155 W Pender St #708, Vancouver",49.28824849999999,-123.1216361,(778) 680-7226,+1 778-680-7226,2.5,10,,https://maps.google.com/?cid=18335873299198610996,OPERATIONAL,true,1,establishment,,establishment;point_of_interest;store,,,,,,,
Paper / Fabric Research Poster - Conference Poster Printing in Vancouver Canada,http://printinginvancouver.com/,355 Burrard St #1000,Vancouver,BC,V6C 2G8,CA,google_places_text_search,print shop in Vancouver BC Canada,ChIJG5L_MwJxhlQRJuS-UL4RlT0,"355 Burrard St #1000, Vancouver",49.2874594,-123.1170213,(778) 706-7337,+1 778-706-7337,4.7,46,,https://maps.google.com/?cid=4437472516939637798,OPERATIONAL,true,1,establishment,,establishment;point_of_interest;store,,,,,,,
Print and Save,https://printandsave.net/collections/adhesive-vinyl,3642 E Hastings St,Vancouver,BC,V5K 2A9,CA,google_places_text_search,print shop in Vancouver BC Canada,ChIJRUdxvTdxhlQR3TmZ950MyC0,"3642 E Hastings St, Vancouver",49.28098989999999,-123.0246114,(604) 423-3070,+1 604-423-3070,4.2,45,,https://maps.google.com/?cid=3298900599652301277,OPERATIONAL,true,1,establishment,,establishment;point_of_interest;store,,,,,,,
24 hour Print Factory - Sticker Signs Banner Foamboard Poster,http://24hourprintfactory.ca/,1155 W Pender St #708,Vancouver,BC,V6E 2P4,CA,google_places_text_search,print shop in Vancouver BC Canada,ChIJD_7agxBxhlQR-GRtX2oYMYc,"1155 W Pender St #708, Vancouver",49.28824849999999,-123.1216361,(778) 628-9936,+1 778-628-9936,3.4,5,,https://maps.google.com/?cid=9741594314125698296,OPERATIONAL,true,1,establishment,,establishment;point_of_interest;store,,,,,,,
Kimprints,https://kimprints.com/,41 Powell St,Vancouver,BC,V6A 1E9,CA,google_places_text_search,print shop in Vancouver BC Canada,ChIJdUrTS3dxhlQRfV4S_B6SY6c,"41 Powell St, Vancouver",49.2833805,-123.1035483,(604) 685-0443,+1 604-685-0443,4.7,172,,https://maps.google.com/?cid=12061644888804056701,OPERATIONAL,true,1,establishment,,establishment;point_of_interest;store,,,,,,,
The UPS Store,http://www.theupsstore.ca/477,2055 Commercial Dr,Vancouver,BC,V5N 0C7,CA,google_places_text_search,print shop in Vancouver BC Canada,ChIJnZNtMEZxhlQRKD_sNj_uJ_0,"2055 Commercial Dr, Vancouver",49.2663863,-123.0700125,(604) 428-5510,+1 604-428-5510,3.3,152,,https://maps.google.com/?cid=18241810770959286056,OPERATIONAL,true,1,establishment,"Store offering shipping, packaging, printing & other services, plus office supplies.",establishment;point_of_interest;store,,,,,,,
Business Now Service Inc.,https://businessnow.ca/,1857 W 4th Ave W,Vancouver,BC,V6J 1M4,CA,google_places_text_search,print shop in Vancouver BC Canada,ChIJg_KDG7ZzhlQR27LguvkoC90,"1857 W 4th Ave W, Vancouver",49.26821959999999,-123.1470435,(604) 738-6727,+1 604-738-6727,4.9,101,,https://maps.google.com/?cid=15927869560173146843,OPERATIONAL,true,1,establishment,,establishment;point_of_interest;store,,,,,,,
Staples Print & Marketing Services,https://stores.staplescopyandprint.ca/bc/vancouver/print-marketing-ca-cp-254.html,1055 W Georgia St Unit 220,Vancouver,BC,V6E 3P3,CA,google_places_text_search,print shop in Vancouver BC Canada,ChIJ07hUooFxhlQRi_5D4yOao6w,"1055 W Georgia St Unit 220, Vancouver",49.2853355,-123.1205036,(604) 678-4874,+1 604-678-4874,2.2,25,,https://maps.google.com/?cid=12439956074654858891,OPERATIONAL,true,1,establishment,,establishment;point_of_interest;store,,,,,,,
Third Eye Pro Creative Studio,https://www.thirdeyepro.ca/,15 E 4th Ave,Vancouver,BC,V5T 1E9,CA,google_places_text_search,print shop in Vancouver BC Canada,ChIJu94VaN9xhlQRGA75R0AscaY,"15 E 4th Ave, Vancouver",49.26760179999999,-123.10394,(604) 333-3734,+1 604-333-3734,5,13,,https://maps.google.com/?cid=11993415937261375000,OPERATIONAL,true,1,establishment,,establishment;point_of_interest;store,,,,,,,
Yaletown Express Fedex/Purolator/DHL shipping centre,,1146 Pacific Blvd,Vancouver,BC,V6Z 2X7,CA,google_places_text_search,print shop in Vancouver BC Canada,ChIJ3US5D9dzhlQRI2ia69WZHcI,"1146 Pacific Blvd, Vancouver",49.2741345,-123.1201369,(604) 566-9858,+1 604-566-9858,3.7,120,,https://maps.google.com/?cid=13987505161742477347,OPERATIONAL,true,1,convenience_store,,convenience_store;establishment;finance;food;locksmith;point_of_interest;post_office;store,,,,,,,
SignageBuzz Canada,https://www.signagebuzz.ca/,422 Richards St Suite #170,Vancouver,BC,V6B 2Z4,CA,google_places_text_search,print shop in Vancouver BC Canada,ChIJ9aYTULRxhlQRGSkQXL2vZD8,"422 Richards St Suite #170, Vancouver",49.28367770000001,-123.1121713,(604) 229-1399,+1 604-229-1399,,,,https://maps.google.com/?cid=4567969149888768281,OPERATIONAL,true,1,establishment,,establishment;point_of_interest;store,,,,,,,
Staples,https://stores.staples.ca/bc/vancouver/office-supplies-ca-223.html,1322 W Broadway,Vancouver,BC,V6H 1H2,CA,google_places_text_search,print shop in Vancouver BC Canada,ChIJubNZNNZzhlQR2Y3XdON-nhk,"1322 W Broadway, Vancouver",49.2633216,-123.1348442,(604) 678-9449,+1 604-678-9449,3.6,724,2,https://maps.google.com/?cid=1846052412651441625,OPERATIONAL,true,1,electronics_store,"Chain retailer offering brand-name electronics & print services, plus office supplies & furniture.",electronics_store;establishment;finance;furniture_store;home_goods_store;point_of_interest;store,,,,,,,
TR Trades Reproduction Ltd.,http://www.trtrades.com/,1744 W 4th Ave,Vancouver,BC,V6J 1M1,CA,google_places_text_search,print shop in Vancouver BC Canada,ChIJC1b8xclzhlQRHuKDmBFpxLI,"1744 W 4th Ave, Vancouver",49.267773,-123.1440548,(604) 736-4571,+1 604-736-4571,4.8,116,,https://maps.google.com/?cid=12881536358480601630,OPERATIONAL,true,1,establishment,,establishment;point_of_interest;store,,,,,,,
Gramma Publications Ltd,,2089 Commercial Dr,Vancouver,BC,V5N 4B1,CA,google_places_text_search,commercial printer in Vancouver BC Canada,ChIJQRJPJUZxhlQRp5X7Q4zFY4Y,"2089 Commercial Dr, Vancouver",49.2662287,-123.0699124,(604) 254-7717,+1 604-254-7717,4.9,129,,https://maps.google.com/?cid=9683800830003352999,OPERATIONAL,true,1,establishment,,establishment;point_of_interest;store,,,,,,,
Firebird Prints - Custom Apparel & Promotional Products,https://firebirdprints.com/,19 Victoria Dr Lower Level Unit,Vancouver,BC,V5L 4C1,CA,google_places_text_search,commercial printer in Vancouver BC Canada,ChIJ10fmM3jn-IkRkA_6DIaTY94,"19 Victoria Dr Lower Level Unit, Vancouver",49.2844611,-123.0657649,(778) 368-0288,+1 778-368-0288,5,394,,https://maps.google.com/?cid=16024814103066972048,OPERATIONAL,true,1,clothing_store,,clothing_store;establishment;point_of_interest;store,,,,,,,
"Go4prints.com Sign, Banner, Decals, Trade Show Display, Canvas Printing Company",https://go4prints.com/,280 1st St E,North Vancouver,BC,V7L 1B3,CA,google_places_text_search,commercial printer in Vancouver BC Canada,ChIJz9Oh4edxhlQRbUfJJ4bzShI,"280 1st St E, North Vancouver",49.3094239,-123.0726392,(604) 724-4815,+1 604-724-4815,5,22,,https://maps.google.com/?cid=1318133598477961069,OPERATIONAL,true,1,establishment,,establishment;point_of_interest;store,,,,,,,
Beh Printing,https://www.behprinting.ca/,1045 Howe St,Vancouver,BC,V6Z 2A9,CA,google_places_text_search,commercial printer in Vancouver BC Canada,ChIJ_-K-ipxxhlQRRaMnolZl0y8,"1045 Howe St, Vancouver",49.2795658,-123.1249711,(778) 504-4943,+1 778-504-4943,4.6,11,,https://maps.google.com/?cid=3446209562630660933,OPERATIONAL,true,1,establishment,,establishment;point_of_interest;store,,,,,,,
Vancouver Color Printing,http://vancouvercolorprinting.com/,1245 W Broadway,Vancouver,BC,V6H 1G7,CA,google_places_text_search,commercial printer in Vancouver BC Canada,ChIJJ6aBlcZzhlQRBznDnJKdxes,"1245 W Broadway, Vancouver",49.2633231,-123.1320315,(778) 680-7226,+1 778-680-7226,5,2,,https://maps.google.com/?cid=16989158422345890055,OPERATIONAL,true,1,establishment,,establishment;point_of_interest,,,,,,,
PrintPrint,http://www.printprint.ca/,33 W Pender St #110,Vancouver,BC,V6B 0E5,CA,google_places_text_search,commercial printer in Vancouver BC Canada,ChIJ9-l2K3pxhlQR08-tiVD86j8,"33 W Pender St #110, Vancouver",49.2810328,-123.1064924,(604) 872-8943,+1 604-872-8943,4.9,616,,https://maps.google.com/?cid=4605770991777206227,OPERATIONAL,true,1,establishment,,establishment;point_of_interest;store,,,,,,,
Blim (est. 2003),http://www.blim.ca/,115 E Pender St,Vancouver,BC,V6A 1T6,CA,google_places_text_search,commercial printer in Vancouver BC Canada,ChIJXXRfeXBxhlQRb6AfPdU07jA,"115 E Pender St, Vancouver",49.28052479999999,-123.1017038,(604) 872-8180,+1 604-872-8180,4.8,320,,https://maps.google.com/?cid=3525813648735838319,OPERATIONAL,true,1,clothing_store,,clothing_store;establishment;point_of_interest;store,,,,,,,
PrintMaker Studio - Fine Art Printing and Custom Picture Framing,https://www.printmaker-studio.com/,881 E Hastings St,Vancouver,BC,V6A 3Y1,CA,google_places_text_search,fine art printing in Vancouver BC Canada,ChIJObxEf1t3hlQR-rZ1O97o5J0,"881 E Hastings St, Vancouver",49.2812679,-123.0853307,(604) 789-6984,+1 604-789-6984,5,12,,https://maps.google.com/?cid=11377474599822669562,OPERATIONAL,true,1,art_gallery,,art_gallery;establishment;point_of_interest;store,,,,,,,
Opus Print Space,https://opusartsupplies.com/opus-fine-art-printing/,555 W Hastings St,Vancouver,BC,V6B 4N6,CA,google_places_text_search,fine art printing in Vancouver BC Canada,ChIJZ6k1yZNzhlQRcfl0i_Y0Uxk,"555 W Hastings St, Vancouver",49.284709,-123.111929,(236) 521-0815,+1 236-521-0815,5,7,,https://maps.google.com/?cid=1824860507521481073,OPERATIONAL,true,1,establishment,,establishment;point_of_interest;store,,,,,,,
Bright Side Art,http://www.brightsideart.ca/,137 3rd St W,North Vancouver,BC,V7M 1E7,CA,google_places_text_search,fine art printing in Vancouver BC Canada,ChIJo_Iy6Rh3hlQR3DYJXXB5-vQ,"137 3rd St W, North Vancouver",49.3139727,-123.078618,(236) 551-2249,+1 236-551-2249,5,98,,https://maps.google.com/?cid=17652555212936263388,OPERATIONAL,true,1,establishment,,establishment;point_of_interest;store,,,,,,,
Dundarave Print Workshop + Gallery,https://www.dundaraveprintworkshop.com/,1640 Johnston St,Vancouver,BC,V6H 3S2,CA,google_places_text_search,fine art printing in Vancouver BC Canada,ChIJbwuKZc5zhlQRYLbPe2ErWi4,"1640 Johnston St, Vancouver",49.2719371,-123.1353236,(604) 689-1650,+1 604-689-1650,4.8,5,,https://maps.google.com/?cid=3340029771337676384,OPERATIONAL,true,1,art_gallery,,art_gallery;establishment;point_of_interest,,,,,,,
Fidelis Art Prints,http://www.fidelisartprints.com/,1000 Parker St #102,Vancouver,BC,V6A 2H2,CA,google_places_text_search,fine art printing in Vancouver BC Canada,ChIJWRsf-mpxhlQRD7Ti7sEnzGE,"1000 Parker St #102, Vancouver",49.2752551,-123.0801724,(604) 786-4865,+1 604-786-4865,4.8,23,,https://maps.google.com/?cid=7047051230817989647,OPERATIONAL,true,1,establishment,,establishment;point_of_interest,,,,,,,
Sams Original Art,http://www.samsoriginalart.com/,1736 W 2nd Ave,Vancouver,BC,V6J 1H6,CA,google_places_text_search,fine art printing in Vancouver BC Canada,ChIJJ8U7hMlzhlQRFzGhF0fSb-0,"1736 W 2nd Ave, Vancouver",49.2696141,-123.144097,(604) 738-1223,+1 604-738-1223,5,552,,https://maps.google.com/?cid=17109124712184754455,OPERATIONAL,true,1,art_gallery,,art_gallery;establishment;point_of_interest,,,,,,,
ABC Fine ART,https://abcfineart.com/,4438 Juneau St #201,Burnaby,BC,V5C 4C8,CA,google_places_text_search,fine art printing in Vancouver BC Canada,ChIJiVUO1IJ3hlQR4PSLu_logaA,"4438 Juneau St #201, Burnaby",49.2633587,-123.0048837,(604) 299-0203,+1 604-299-0203,4.8,154,,https://maps.google.com/?cid=11565640739866801376,OPERATIONAL,true,1,establishment,,establishment;point_of_interest;store,,,,,,,
Clubcard Printing,http://www.clubcard.ca/,868 E Cordova St,Vancouver,BC,V6A 1M4,CA,google_places_text_search,fine art printing in Vancouver BC Canada,ChIJGzn_bXhxhlQRt41cYwPsOwY,"868 E Cordova St, Vancouver",49.2819144,-123.0855635,(604) 801-6364,+1 604-801-6364,4.6,368,,https://maps.google.com/?cid=449212087149563319,OPERATIONAL,true,1,establishment,,establishment;point_of_interest;store,,,,,,,
Firefly Pictures Inc,https://www.fireflyprint.ca/,1259 Marine Dr,North Vancouver,BC,V7P 1T3,CA,google_places_text_search,fine art printing in Vancouver BC Canada,ChIJMX4yHmNxhlQRbn904SjcE5k,"1259 Marine Dr, North Vancouver",49.3236524,-123.1094221,(236) 551-1553,+1 236-551-1553,5,23,,https://maps.google.com/?cid=11030401980499787630,OPERATIONAL,true,1,establishment,,establishment;point_of_interest;store,,,,,,,
Bravo Art Projects & Services,https://www.bravoartservices.com/,Entry from the ALLEY,225 1st St E,BC,V7L 1B4,CA,google_places_text_search,giclee printing in Vancouver BC Canada,ChIJ5ZpeBypxhlQRyeXMOUG_zkM,"Entry from the ALLEY, 225 1st St E, North Vancouver",49.3098695,-123.074951,(778) 507-1522,+1 778-507-1522,5,2,,https://maps.google.com/?cid=4886052932607075785,OPERATIONAL,true,1,art_gallery,,art_gallery;establishment;point_of_interest;store,,,,,,,
Rocket Reprographics Inc,https://rocketrepro.com/,403 W Cordova St,Vancouver,BC,V6B 1B6,CA,google_places_text_search,giclee printing in Vancouver BC Canada,ChIJB_crSnhxhlQRbuRcwJqyQyM,"403 W Cordova St, Vancouver",49.2842005,-123.1099852,(604) 682-6000,+1 604-682-6000,4.8,189,,https://maps.google.com/?cid=2541070992489112686,OPERATIONAL,true,1,establishment,,establishment;point_of_interest,,,,,,,
Pattern Studio Printing Services,http://www.patternstudio.ca/,2799 Gilmore Ave #112,Burnaby,BC,V5C 6S5,CA,google_places_text_search,giclee printing in Vancouver BC Canada,ChIJJUj5P2t3hlQRvRHwb48QIBA,"2799 Gilmore Ave #112, Burnaby",49.259343,-123.0144469,(778) 239-9073,+1 778-239-9073,4.1,17,,https://maps.google.com/?cid=1161946912105959869,OPERATIONAL,true,1,establishment,,establishment;point_of_interest;store,,,,,,,
Vancouver Photo Lab,http://www.vancouverphotolab.com/,2310 Ottawa St #106,Port Coquitlam,BC,V3B 7Z1,CA,google_places_text_search,giclee printing in Vancouver BC Canada,ChIJ49DcDzR_hlQRbZtadAwQfwM,"2310 Ottawa St #106, Port Coquitlam",49.2560435,-122.7469216,(604) 729-4999,+1 604-729-4999,4.5,224,,https://maps.google.com/?cid=251937749833784173,OPERATIONAL,true,1,electronics_store,,electronics_store;establishment;home_goods_store;point_of_interest;store,,,,,,,
DeSerres Grandview,https://www.deserres.ca/pages/grandview/?utm_source=google&utm_medium=gmb&utm_campaign=DS_AlwaysOn2025_Brand_GMB_Clics_SEO_QC_FR&utm_content=DeSerres-Grandview,2811 Grandview Hwy,Vancouver,BC,V5M 2E1,CA,google_places_text_search,giclee printing in Vancouver BC Canada,ChIJ_-qWOmFxhlQRe-Ns7B0N6xw,"2811 Grandview Hwy, Vancouver",49.2583545,-123.0462387,(604) 681-7351,+1 604-681-7351,4.4,792,,https://maps.google.com/?cid=2083773674760758139,OPERATIONAL,true,1,establishment,,establishment;point_of_interest;store,,,,,,,
Caspian Signs & Graphics Ltd.,https://caspiansigns.ca/,780 E Cordova St,Vancouver,BC,V6A 1M3,CA,google_places_text_search,giclee printing in Vancouver BC Canada,ChIJs50iaABxhlQRVJoV-5oQyEw,"780 E Cordova St, Vancouver",49.2819628,-123.0877066,(236) 591-3235,+1 236-591-3235,5,35,,https://maps.google.com/?cid=5532690400048159316,OPERATIONAL,true,1,establishment,,establishment;point_of_interest;store,,,,,,,
Burnaby Copy Center (Art Frame),https://www.burnabyprint.com/,3863 Hastings St,Burnaby,BC,V5C 2H7,CA,google_places_text_search,print shop in Burnaby BC Canada,ChIJ3R9-2nRxhlQRcBW_6B3lefk,"3863 Hastings St, Burnaby",49.28121609999999,-123.0191134,(604) 299-8822,+1 604-299-8822,4.8,87,,https://maps.google.com/?cid=17976651304247694704,OPERATIONAL,true,1,establishment,,establishment;point_of_interest,,,,,,,
U Frame_Kiosk At Metrotown - Digital Printing Service in Burnaby,,4800 Kingsway Ground Level,Metropolis at Metrotown,BC,V5H 4J2,CA,google_places_text_search,print shop in Burnaby BC Canada,ChIJ71vcB3V3hlQRYOPpSVkkx8w,"Metropolis at Metrotown, 4800 Kingsway Ground Level, Near Sunglass Hut, Sugerfina and Uniqlo, Burnaby",49.2260865,-122.9992947,(604) 505-1575,+1 604-505-1575,4.7,249,,https://maps.google.com/?cid=14755802670013473632,OPERATIONAL,true,1,establishment,,establishment;point_of_interest;store,,,,,,,
Burnaby Print Ltd,http://saveoncopy.com/,3863 Hastings St,Burnaby,BC,V5C 2H7,CA,google_places_text_search,print shop in Burnaby BC Canada,ChIJzQ48hc9whlQRC0gAynhCbLk,"3863 Hastings St, Burnaby",49.28121609999999,-123.0191134,(604) 299-8822,+1 604-299-8822,5,1,,https://maps.google.com/?cid=13361127281053943819,OPERATIONAL,true,,establishment,,establishment;point_of_interest,,,,,,,
Print Images,,9855 Austin Rd,Burnaby,BC,V3J 1N4,CA,google_places_text_search,print shop in Burnaby BC Canada,ChIJJ6GtMDp4hlQRfIi6T_dsOZA,"106, 9855 Austin Rd, Burnaby",49.25137369999999,-122.8956556,(604) 421-0544,+1 604-421-0544,3.1,41,,https://maps.google.com/?cid=10392457424584476796,OPERATIONAL,true,1,establishment,,establishment;point_of_interest;store,,,,,,,
Mediagraphics Print Services,,5238 Forest Pl,Burnaby,BC,V5G 1X6,CA,google_places_text_search,print shop in Burnaby BC Canada,ChIJCwnyAC53hlQRwvJk8H7xAuo,"5238 Forest Pl, Burnaby",49.2475477,-122.9887749,(604) 436-0410,+1 604-436-0410,5,1,,https://maps.google.com/?cid=16862305482329879234,OPERATIONAL,true,1,establishment,,establishment;point_of_interest;store,,,,,,,
Marbly Printing,https://marblyprinting.com/,7718 Royal Oak Ave,Burnaby,BC,V5J 4K4,CA,google_places_text_search,print shop in Burnaby BC Canada,ChIJKW3cQ9V3hlQRtln9faq2MSI,"7718 Royal Oak Ave, Burnaby",49.2136783,-122.9883044,(236) 869-6640,+1 236-869-6640,5,7,,https://maps.google.com/?cid=2463951314522823094,OPERATIONAL,true,1,establishment,,establishment;point_of_interest;store,,,,,,,
SKYMART - Dhl Ups Purolator Shipping & Courier - $9.99 Canadian Passport Photos,https://skymartexpress.com/appointment/ola/services/9-99-for-2-canadian-passport-photo-vancouver-burnaby-boundary,2323 Boundary Rd Unit 109,Vancouver,BC,V5M 4V8,CA,google_places_text_search,print shop in Burnaby BC Canada,ChIJG0h7gtR3hlQRgQssttIHIHo,"2323 Boundary Rd Unit 109, Vancouver",49.2635885,-123.024243,(778) 704-1195,+1 778-704-1195,4.5,183,,https://maps.google.com/?cid=8800042273462815617,OPERATIONAL,true,1,establishment,,establishment;point_of_interest;store,,,,,,,
3D Printer Guy,http://elite3dprintculture.com/,5790 Patterson Ave,Burnaby,BC,V5H 4H6,CA,google_places_text_search,print shop in Burnaby BC Canada,ChIJa94y-MEXZqARvpI6bDlZsYE,"5790 Patterson Ave, Burnaby",49.2320608,-123.0120849,(778) 688-1008,+1 778-688-1008,5,27,,https://maps.google.com/?cid=9345348804934275774,OPERATIONAL,true,1,establishment,,establishment;point_of_interest,,,,,,,
Kerrisdale Cameras - Burnaby,http://kerrisdalecameras.com/,4429 Kingsway,Burnaby,BC,V5H 2A1,CA,google_places_text_search,print shop in Burnaby BC Canada,ChIJcfFsQvZ2hlQRXEOOeuzVJBY,"4429 Kingsway, Burnaby",49.2313785,-123.005802,(604) 437-8551,+1 604-437-8551,4.6,331,,https://maps.google.com/?cid=1595635379641140060,OPERATIONAL,true,1,electronics_store,,electronics_store;establishment;home_goods_store;point_of_interest;store,,,,,,,
Cornerstone Printing,http://www.printcornerstone.com/,8930 University High St,Burnaby,BC,V5A 4Y6,CA,google_places_text_search,commercial printer in Burnaby BC Canada,ChIJdfgi6755hlQRv6DYulTw0QA,"The Cornerstone Bldg, 8930 University High St, Burnaby",49.2780542,-122.9117801,(604) 568-3929,+1 604-568-3929,4.4,89,,https://maps.google.com/?cid=59092516835205311,OPERATIONAL,true,1,establishment,,establishment;point_of_interest;store,,,,,,,
Canada Printing Center Inc.,https://www.printingcenter.ca/,7676 Winston St,Burnaby,BC,V5A 3A7,CA,google_places_text_search,commercial printer in Burnaby BC Canada,ChIJ2_AQ2IJ3hlQRbUmggzreWl0,"7676 Winston St, Burnaby",49.2477527,-122.9388832,(604) 259-1019,+1 604-259-1019,5,16,,https://maps.google.com/?cid=6726933336329046381,OPERATIONAL,true,1,establishment,,establishment;point_of_interest;store,,,,,,,
The Printing Edge,http://www.printingedgeonline.com/,6850 Merritt Ave,Burnaby,BC,V5J 4R6,CA,google_places_text_search,commercial printer in Burnaby BC Canada,ChIJ47F73d91hlQRd1z8iaNYt50,"6850 Merritt Ave, Burnaby",49.2212818,-122.9799786,(604) 431-9297,+1 604-431-9297,4.4,46,,https://maps.google.com/?cid=11364649644110666871,OPERATIONAL,true,1,establishment,,establishment;point_of_interest;store,,,,,,,
Grandview Printing,http://www.grandviewprinting.com/,2345 Douglas Rd,Burnaby,BC,V5C 5A9,CA,google_places_text_search,commercial printer in Burnaby BC Canada,ChIJn4CvoDhxhlQRkMdCTbegbwQ,"2345 Douglas Rd, Burnaby",49.26286140000001,-122.9877371,(604) 255-2244,+1 604-255-2244,5,12,,https://maps.google.com/?cid=319650807702275984,OPERATIONAL,true,1,establishment,,establishment;point_of_interest;store,,,,,,,
"Nova Design & Graphics, Printing & Signage",http://www.novadesign.ca/,5235 Grimmer St #101,Burnaby,BC,V5H 2H3,CA,google_places_text_search,commercial printer in Burnaby BC Canada,ChIJbZtvrVp2hlQRDvhaS8K3yME,"5235 Grimmer St #101, Burnaby",49.2237648,-122.9883223,(604) 433-3777,+1 604-433-3777,4.8,114,,https://maps.google.com/?cid=13963612689778014222,OPERATIONAL,true,1,establishment,,establishment;point_of_interest;store,,,,,,,
Minuteman Press Burnaby,http://minutemanburnaby.com/,6991 Buller Ave,Burnaby,BC,V5J 4S1,CA,google_places_text_search,commercial printer in Burnaby BC Canada,ChIJTcMDGk92hlQRMwQtKCB5ywQ,"6991 Buller Ave, Burnaby",49.2197895,-122.9777839,(604) 451-9185,+1 604-451-9185,4.9,54,,https://maps.google.com/?cid=345502975443928115,OPERATIONAL,true,1,establishment,"Chain with a range of print-related products & services, including business cards & signage.",establishment;point_of_interest;store,,,,,,,
The Packaging Depot,https://packagingdepotcanada.com/,6360 Kingsway Ste 101,Burnaby,BC,V5E 1C5,CA,google_places_text_search,commercial printer in Burnaby BC Canada,ChIJOX9fJEp2hlQRgNUBiZAzkXA,"6360 Kingsway Ste 101, Burnaby",49.2194771,-122.9711367,(604) 451-1206,+1 604-451-1206,4.9,418,,https://maps.google.com/?cid=8111321099737879936,OPERATIONAL,true,1,establishment,,establishment;finance;point_of_interest;store,,,,,,,
ARC Document Solutions,http://www.e-arc.com/location/metro-vancouver/,5035 Beresford St.,Burnaby,BC,V5J 1H8,CA,google_places_text_search,commercial printer in Burnaby BC Canada,ChIJxe0uniV3hlQRRt-Ccdj6Bmo,"5035 Beresford St., Burnaby",49.22128499999999,-122.9922291,(604) 293-0029,+1 604-293-0029,5,80,,https://maps.google.com/?cid=7640069625404907334,OPERATIONAL,true,,establishment,,establishment;point_of_interest;store,,,,,,,
"Payless Cartridge Solutions - Ink Toner Cartridges Refill, HP, Brother, Canon Laser Inkjet Printer Repair",https://www.paylesscartridge.ca/,6233 Grant St,Burnaby,BC,V5B 2K7,CA,google_places_text_search,commercial printer in Burnaby BC Canada,ChIJvQog7HhxhlQR02l98pyCL3s,"6233 Grant St, Burnaby",49.2709306,-122.9734457,(604) 767-4020,+1 604-767-4020,4.3,26,,https://maps.google.com/?cid=8876457001165351379,OPERATIONAL,true,1,establishment,,establishment;point_of_interest,,,,,,,
Urban Print Shop,https://www.urbanprintshop.ca/,7993 Enterprise St,Burnaby,BC,V5A 1V5,CA,google_places_text_search,fine art printing in Burnaby BC Canada,ChIJLxWa2NJ3hlQR0WnVWJflCGk,"7993 Enterprise St, Burnaby",49.255858,-122.9329292,(604) 420-3298,+1 604-420-3298,5,11,,https://maps.google.com/?cid=7568551611989322193,OPERATIONAL,true,1,establishment,,establishment;point_of_interest;store,,,,,,,
Pete Prints Inc.,http://www.peteprints.com/,7228 Winston St,Burnaby,BC,V5A 2G9,CA,google_places_text_search,fine art printing in Burnaby BC Canada,ChIJy332t2x5hlQRwMDjZfGj8e4,"7228 Winston St, Burnaby",49.249443,-122.9534339,(778) 871-7383,+1 778-871-7383,5,35,,https://maps.google.com/?cid=17217723107605987520,OPERATIONAL,true,,establishment,,establishment;point_of_interest;store,,,,,,,
KeenArt Media Ltd.,http://www.vancouveroncanvas.com/,2717 Lake City Way,Burnaby,BC,V5A 2Z6,CA,google_places_text_search,fine art printing in Burnaby BC Canada,ChIJz-s-CX13hlQRr4nfREYaDo4,"2717 Lake City Way, Burnaby",49.2599842,-122.9382345,(604) 421-8000,+1 604-421-8000,4.6,64,,https://maps.google.com/?cid=10236147892165249455,OPERATIONAL,true,1,establishment,,establishment;point_of_interest;store,,,,,,,
Colorama Digital Printing,https://imprinta.ca/,621 Belmont St,New Westminster,BC,V3M 6A1,CA,google_places_text_search,fine art printing in Burnaby BC Canada,ChIJ6f7SRN93hlQRJ5H_EKxrDw4,"621 Belmont St, New Westminster",49.211975,-122.920656,(604) 517-0672,+1 604-517-0672,4.5,150,,https://maps.google.com/?cid=1013146827945382183,OPERATIONAL,true,1,establishment,,establishment;locksmith;point_of_interest;store,,,,,,,
Xpress Fine Art Printing,https://www.instagram.com/xpressfineart.prints,767 Rochester Ave,Coquitlam,BC,V3K 2W1,CA,google_places_text_search,fine art printing in Burnaby BC Canada,ChIJOwr83Bh5hlQROlqQ-OnLEdQ,"767 Rochester Ave, Coquitlam",49.2456039,-122.8782806,(604) 779-2810,+1 604-779-2810,5,3,,https://maps.google.com/?cid=15281219216402831930,OPERATIONAL,false,,establishment,,establishment;point_of_interest;store,,,,,,,
Fritzworks Printing Services,https://www.fritzworksprinting.com/,3815 E 1st Ave unit 301,Burnaby,BC,V5C 3V6,CA,google_places_text_search,fine art printing in Burnaby BC Canada,ChIJ4WveoSl3hlQRfw0yzJIPCKc,"3815 E 1st Ave unit 301, Burnaby",49.2695105,-123.0208646,(604) 336-4616,+1 604-336-4616,5,41,,https://maps.google.com/?cid=12035887127313124735,OPERATIONAL,true,1,establishment,,establishment;point_of_interest;store,,,,,,,
Digital Print Art,http://www.digitalprintart.ca/,2799 Gilmore Ave #120,Burnaby,BC,V5C 6S5,CA,google_places_text_search,fine art printing in Burnaby BC Canada,ChIJm_MDs7l3hlQRmJSUng0kYP4,"2799 Gilmore Ave #120, Burnaby",49.259343,-123.0144469,(604) 710-5107,+1 604-710-5107,,,,https://maps.google.com/?cid=18329690124311631000,OPERATIONAL,true,1,establishment,,establishment;point_of_interest;store,,,,,,,
Painted Pixels T-shirt Print | Embroidery | DTF Printing | Sublimation Printing | Screen Printing,https://paintedpixels.ca/,7088 Salisbury Ave,Burnaby,BC,V5E 0A4,CA,google_places_text_search,fine art printing in Burnaby BC Canada,ChIJsb2TVm93hlQRkaRNn6Y0s_Y,"7088 Salisbury Ave, Burnaby",49.2197214,-122.9571921,(438) 725-5397,+1 438-725-5397,5,29,,https://maps.google.com/?cid=17776610044403360913,OPERATIONAL,true,1,clothing_store,,clothing_store;establishment;point_of_interest;store,,,,,,,
New West Photo Lab,http://newwestphotolab.com/,630 12th St,New Westminster,BC,V3M 4J4,CA,google_places_text_search,giclee printing in Burnaby BC Canada,ChIJzT4iUwV3hlQR_lq7Koydlds,"630 12th St, New Westminster",49.20853839999999,-122.9319025,(604) 830-1733,+1 604-830-1733,4.9,431,,https://maps.google.com/?cid=15822726091174009598,OPERATIONAL,true,1,establishment,,establishment;point_of_interest,,,,,,,
Jukebox Print,https://www.jukeboxprint.com/,3511 Jacombs Rd,Richmond,BC,V6V 1Z8,CA,google_places_text_search,print shop in Richmond BC Canada,ChIJ5WClfNVzhlQRXi3KRKjoMQc,"3511 Jacombs Rd, Richmond",49.1889342,-123.0809977,(888) 667-0067,+1 888-667-0067,4.7,673,,https://maps.google.com/?cid=518451241530568030,OPERATIONAL,true,1,establishment,,establishment;point_of_interest;store,,,,,,,
BY Print - Same Day T-Shirts & Hoodies,https://www.byprint.ca/,4000 Number 3 Rd #2090,Richmond,BC,V6X 0J8,CA,google_places_text_search,print shop in Richmond BC Canada,ChIJE2G3oegLhlQRw76kh82UAp8,"4000 Number 3 Rd #2090, Richmond",49.1842036,-123.136074,(236) 260-5378,+1 236-260-5378,5,50,,https://maps.google.com/?cid=11457884012448890563,OPERATIONAL,true,1,establishment,,establishment;point_of_interest;store,,,,,,,
INKlusive Printing,http://www.inklusiveprinting.ca/,6431 Nadine Crescent,Richmond,BC,V7C 2T5,CA,google_places_text_search,print shop in Richmond BC Canada,ChIJ-RQGQBQLhlQRzKfcJXWsoB8,"6431 Nadine Crescent, Richmond",49.1659879,-123.1509972,(604) 723-9208,+1 604-723-9208,5,21,,https://maps.google.com/?cid=2279011030595839948,OPERATIONAL,true,,establishment,,establishment;point_of_interest;store,,,,,,,
EC Photo - Passport Photo Studio & Print Shop in Richmond,https://www.ecphoto.ca/,8888 Odlin Crescent Suite 1395,Richmond,BC,V6X 3Z8,CA,google_places_text_search,print shop in Richmond BC Canada,ChIJDY4qBMdzhlQR4rL5a3zUlK4,"8888 Odlin Crescent Suite 1395, Richmond",49.18398819999999,-123.1266499,(604) 214-8141,+1 604-214-8141,4.9,320,,https://maps.google.com/?cid=12579913290005197538,OPERATIONAL,true,1,establishment,,establishment;point_of_interest;store,,,,,,,
CopyCat Studio,https://www.copycatriso.com/,4000 No 3 Rd Unit 2045,Aberdeen Square,BC,V6X 0J8,CA,google_places_text_search,print shop in Richmond BC Canada,ChIJX39Qj5d1hlQROHULl2hIT3c,"Aberdeen Square, 4000 No 3 Rd Unit 2045, 2nd Floor, Richmond",49.1842942,-123.1360557,,,5,20,,https://maps.google.com/?cid=8597169827721475384,OPERATIONAL,true,1,establishment,,establishment;point_of_interest,,,,,,,
Allegra Richmond BC,https://www.allegramarketingprint.com/locations/richmond-bc/,11,3511 Viking Wy #2,BC,V6V 1N6,CA,google_places_text_search,print shop in Richmond BC Canada,ChIJ6fsXWKF1hlQRqd415Nc7b2o,"11, 3511 Viking Wy #2, Richmond",49.18993099999999,-123.074294,(604) 270-3125,+1 604-270-3125,5,12,,https://maps.google.com/?cid=7669414488867987113,OPERATIONAL,false,1,establishment,,establishment;point_of_interest;store,,,,,,,
London Drugs,https://www.londondrugs.com/stores/london-plaza/s/011?utm_source=GMB&utm_medium=Yext,5971 Number 3 Rd,Richmond,BC,V6X 2E3,CA,google_places_text_search,print shop in Richmond BC Canada,ChIJC8mnWjN1hlQRt7hS_O3ssGg,"5971 Number 3 Rd, Richmond",49.1708894,-123.1375309,(604) 448-4811,+1 604-448-4811,3.7,496,,https://maps.google.com/?cid=7543789882730264759,OPERATIONAL,true,1,electronics_store,,electronics_store;establishment;food;grocery_or_supermarket;health;home_goods_store;pharmacy;point_of_interest;store,,,,,,,
Copies Direct Digital Printing,https://copiesdirect.wixsite.com/copiesdirect,5951 Number 3 Rd #120,Richmond,BC,V6X 2E3,CA,google_places_text_search,print shop in Richmond BC Canada,ChIJmedeRDN1hlQR7_pvcVXmtIM,"5951 Number 3 Rd #120, Richmond",49.1709839,-123.1367779,(604) 232-9756,+1 604-232-9756,3.1,38,,https://maps.google.com/?cid=9490463569426250479,OPERATIONAL,true,1,establishment,,establishment;point_of_interest,,,,,,,
Printing in Richmond,https://printinginrichmond.ca/,11871 Horseshoe Wy,Richmond,BC,V7A 5H5,CA,google_places_text_search,commercial printer in Richmond BC Canada,ChIJnbOFFnLghVQR1RAr_CXyqoI,"11871 Horseshoe Wy, Richmond",49.1267712,-123.0972067,(604) 274-4249,+1 604-274-4249,5,1,,https://maps.google.com/?cid=9415604215929835733,OPERATIONAL,true,1,establishment,,establishment;point_of_interest;store,,,,,,,
LC Printing,https://lcprint.ca/,3071 No 5 Rd #9,Richmond,BC,V6X 2T4,CA,google_places_text_search,commercial printer in Richmond BC Canada,ChIJmeulI1B1hlQRf9GYIgm57g0,"3071 No 5 Rd #9, Richmond",49.19099569999999,-123.0926837,(604) 370-5500,+1 604-370-5500,4.6,12,,https://maps.google.com/?cid=1003943215836483967,OPERATIONAL,true,1,establishment,,establishment;point_of_interest;store,,,,,,,
Inter Print Ltd,,8833 Odlin Crescent,Richmond,BC,V6X 3Z7,CA,google_places_text_search,commercial printer in Richmond BC Canada,ChIJ3UA4_yR1hlQR7R2bKmBaPww,"8833 Odlin Crescent, Richmond",49.1826559,-123.1274729,(604) 231-6061,+1 604-231-6061,4.5,8,,https://maps.google.com/?cid=882523421066075629,OPERATIONAL,false,,establishment,,establishment;point_of_interest;store,,,,,,,
Minuteman Press,http://www.richmond10.minutemanpress.ca/,11780 River Rd Unit 110,Richmond,BC,V6X 1Z7,CA,google_places_text_search,commercial printer in Richmond BC Canada,ChIJ85RW7QB1hlQRVKW_f9aDFg4,"11780 River Rd Unit 110, Richmond",49.196618,-123.094234,(604) 273-9050,+1 604-273-9050,4.9,150,2,https://maps.google.com/?cid=1015143723308131668,OPERATIONAL,true,1,establishment,"Chain with a range of print-related products & services, including business cards & signage.",establishment;point_of_interest;store,,,,,,,
Glenmore Custom Print & Packaging,http://www.glenmorecustomprint.com/,13751 Mayfield Pl,Richmond,BC,V6V 2G9,CA,google_places_text_search,commercial printer in Richmond BC Canada,ChIJ44eYJJ51hlQRHcnBH5g6dB8,"13751 Mayfield Pl, Richmond",49.1820344,-123.070916,(604) 273-6323,+1 604-273-6323,4.5,43,,https://maps.google.com/?cid=2266500937516435741,OPERATIONAL,true,1,establishment,,establishment;point_of_interest,,,,,,,
Laser Sharp Printing & Signs,https://lasersharp.ca/,11786 River Rd Unit 130,Richmond,BC,V6X 3Z3,CA,google_places_text_search,commercial printer in Richmond BC Canada,ChIJq87KJzh0hlQRXaHwhP0y9R0,"11786 River Rd Unit 130, Richmond",49.1955,-123.0946669,(604) 428-4028,+1 604-428-4028,4.7,59,,https://maps.google.com/?cid=2158687660832498013,OPERATIONAL,true,1,establishment,,establishment;point_of_interest;store,,,,,,,
Thunderbird Press Ltd,http://www.tbirdpress.com/,11451 Bridgeport Rd,Richmond,BC,V6X 1T4,CA,google_places_text_search,commercial printer in Richmond BC Canada,ChIJUVfAOgR1hlQRquR_nTeOWDE,"11451 Bridgeport Rd, Richmond",49.1926704,-123.0973943,(604) 278-3131,+1 604-278-3131,5,3,,https://maps.google.com/?cid=3555748275325756586,OPERATIONAL,true,,establishment,,establishment;point_of_interest,,,,,,,
Anderson Printing Co Ltd,,13988 Maycrest Way,Richmond,BC,V6V 3C3,CA,google_places_text_search,commercial printer in Richmond BC Canada,ChIJrWFPHHZ1hlQRDVN1US596hs,"13988 Maycrest Way, Richmond",49.1789379,-123.0697125,(604) 733-3111,+1 604-733-3111,5,1,,https://maps.google.com/?cid=2011557821462958861,OPERATIONAL,false,,establishment,,establishment;point_of_interest;store,,,,,,,
NEWTYPE Graphics Inc.,http://www.newtypegraphics.com/,12571 Bridgeport Rd #150,Richmond,BC,V6V 1J4,CA,google_places_text_search,fine art printing in Richmond BC Canada,ChIJ0_D8JU91hlQRu7TsO-RLyak,"12571 Bridgeport Rd #150, Richmond",49.1925518,-123.0837661,(604) 445-2378,+1 604-445-2378,5,2,,https://maps.google.com/?cid=12234393306358658235,OPERATIONAL,true,1,establishment,,establishment;point_of_interest;store,,,,,,,
Zheeclay Arts Ltd,https://www.zheeclay.com/,1618 W 75th Ave,Vancouver,BC,V6P 6G2,CA,google_places_text_search,fine art printing in Richmond BC Canada,ChIJg-wiF8B0hlQRSgIsUQhJnLk,"1618 W 75th Ave, Vancouver",49.2050631,-123.1448875,(604) 263-2902,+1 604-263-2902,4.8,16,,https://maps.google.com/?cid=13374645293453935178,OPERATIONAL,true,1,establishment,,establishment;point_of_interest;store,,,,,,,
Artistree,http://artistree.ca/,5300 Number 3 Rd,Richmond,BC,V6X 2X9,CA,google_places_text_search,fine art printing in Richmond BC Canada,ChIJIVQItDF1hlQR_GUvK13SJSk,"5300 Number 3 Rd, Richmond",49.175651,-123.131467,(778) 297-1622,+1 778-297-1622,4.9,14,,https://maps.google.com/?cid=2965007227291657724,OPERATIONAL,true,1,establishment,,establishment;point_of_interest;store,,,,,,,
Canadian Art Prints Inc,https://www.capandwinndevon.com/,6311 Westminster Hwy,Richmond,BC,V7C 4V4,CA,google_places_text_search,fine art printing in Richmond BC Canada,ChIJGTunENAKhlQR9BpiHO736mI,"6311 Westminster Hwy, Richmond",49.17066740000001,-123.1556323,(604) 276-4551,+1 604-276-4551,3,12,,https://maps.google.com/?cid=7127781962317699828,OPERATIONAL,true,1,establishment,,establishment;point_of_interest;store,,,,,,,
Vancouver Star Image 星印象摄影,http://www.vsimage.ca/,9111 Beckwith Rd #2070,Richmond,BC,V6X 1V7,CA,google_places_text_search,fine art printing in Richmond BC Canada,ChIJCRQIr-F0hlQRx6_lyR-puZA,"9111 Beckwith Rd #2070, Richmond",49.1939514,-123.1231183,(604) 725-1325,+1 604-725-1325,4.6,65,,https://maps.google.com/?cid=10428552366149447623,OPERATIONAL,true,1,electronics_store,,electronics_store;establishment;home_goods_store;point_of_interest;store,,,,,,,
Ling Long Printing,http://linglongprinting.ca/,11460 Voyageur Way #1,Richmond,BC,V6X 3E1,CA,google_places_text_search,fine art printing in Richmond BC Canada,ChIJMYZqwPh1hlQRDKuCYAbZJO8,"11460 Voyageur Way #1, Richmond",49.190883,-123.09757,(778) 858-6111,+1 778-858-6111,5,3,,https://maps.google.com/?cid=17232136695638567692,OPERATIONAL,true,1,establishment,,establishment;point_of_interest;store,,,,,,,
Capulet Art & Framing,https://capuletart.com/,2288 No 5 Rd #150,Richmond,BC,V6X 2T1,CA,google_places_text_search,fine art printing in Richmond BC Canada,ChIJN3U-YAd1hlQRT-QwS4Mwgfo,"2288 No 5 Rd #150, Richmond",49.1950759,-123.0902099,(604) 370-1728,+1 604-370-1728,4.8,53,,https://maps.google.com/?cid=18050762121938003023,OPERATIONAL,true,1,art_gallery,,art_gallery;establishment;point_of_interest;store,,,,,,,
Infigo Imaging,http://infigo.ca/,3820 Cessna Dr #150,Richmond,BC,V7B 0A2,CA,google_places_text_search,giclee printing in Richmond BC Canada,ChIJC-WXL9Z0hlQRl61hyC0X8GM,"3820 Cessna Dr #150, Richmond",49.1854997,-123.1436789,(604) 737-3022,+1 604-737-3022,5,2,,https://maps.google.com/?cid=7201281289568234903,OPERATIONAL,false,1,establishment,,establishment;point_of_interest;store,,,,,,,
NEX3D (By Appointment Only),https://nex3d.com/,12830 Clarke Pl Unit #235,Richmond,BC,V6V 2H5,CA,google_places_text_search,giclee printing in Richmond BC Canada,ChIJ4bOSGLJ1hlQRKEP2Dla9Qro,"12830 Clarke Pl Unit #235, Richmond",49.1853331,-123.0821619,(888) 604-8999,+1 888-604-8999,4.9,59,,https://maps.google.com/?cid=13421498016833356584,OPERATIONAL,true,1,establishment,,establishment;point_of_interest,,,,,,,
Ask Print Shop,http://www.askprintshop.com/,103 Flavelle Rd SE,Calgary,AB,T2H 1E8,CA,google_places_text_search,print shop in Calgary AB Canada,ChIJaZj8JRcjoFMRgBPiJNhBW54,"103 Flavelle Rd SE, Calgary",50.9804206,-114.0616168,(780) 394-5059,+1 780-394-5059,4.9,83,,https://maps.google.com/?cid=11410786477460820864,OPERATIONAL,true,1,establishment,,establishment;point_of_interest;store,,,,,,,
Delex Printing Calgary | Printing Shop & Print Services,https://www.delexprinting.ca/,4220 23 St NE Bay 7,Calgary,AB,T2E 6X7,CA,google_places_text_search,print shop in Calgary AB Canada,ChIJn1P5zaNlcVMRw4O-g_NmNY0,"4220 23 St NE Bay 7, Calgary",51.0902519,-114.004088,(825) 733-3539,+1 825-733-3539,5,46,,https://maps.google.com/?cid=10175152129186890691,OPERATIONAL,true,1,establishment,,establishment;point_of_interest;store,,,,,,,
EZ Print And Passport Photos,http://www.ezprintshop.ca/,1200 37 Street SW #45,Calgary,AB,T3C 1S2,CA,google_places_text_search,print shop in Calgary AB Canada,ChIJkyY2Pc9kcVMRYxxrSmXg0L0,"1200 37 Street SW #45, Calgary",51.0423712,-114.1404167,(403) 461-9974,+1 403-461-9974,4.7,299,,https://maps.google.com/?cid=13677678793969048675,OPERATIONAL,true,1,clothing_store,,clothing_store;establishment;point_of_interest;store,,,,,,,
AIRWAYS PRINTING & AIRWAYS PRINTS,http://www.airwaysprinting.com/,139 - 5120 47 St NE,Calgary,AB,T3J 4K3,CA,google_places_text_search,print shop in Calgary AB Canada,ChIJlcS0SYNkcVMRerqNspzpA6E,"139 - 5120 47 St NE, Calgary",51.0989892,-113.9648611,(403) 909-5452,+1 403-909-5452,4.6,100,,https://maps.google.com/?cid=11602373924256332410,OPERATIONAL,true,1,establishment,,establishment;point_of_interest;store,,,,,,,
Canvas Prints Calgary,https://www.canvasprintscalgary.com/,2949 17 Ave SE,Calgary,AB,T2B 1N7,CA,google_places_text_search,print shop in Calgary AB Canada,ChIJRRJdzfB7cVMRZhTYJg4wliQ,"2949 17 Ave SE, Calgary",51.03740759999999,-113.991098,(403) 966-0484,+1 403-966-0484,4.9,383,,https://maps.google.com/?cid=2636347469211374694,OPERATIONAL,true,1,art_gallery,,art_gallery;establishment;point_of_interest;store,,,,,,,
NE COPIES & MORE,,5120 47 St NE Unit 127,Calgary,AB,T3J 4N4,CA,google_places_text_search,print shop in Calgary AB Canada,ChIJVdu0SYNkcVMRJLCr3-hyZvY,"5120 47 St NE Unit 127, Calgary",51.0990212,-113.9647338,(403) 568-9918,+1 403-568-9918,3.1,37,,https://maps.google.com/?cid=17755004925465309220,OPERATIONAL,true,1,establishment,,establishment;point_of_interest;store,,,,,,,
YYC Printing,http://www.yycprinting.ca/,6520 36 St NE #2115,Calgary,AB,T3J 2L3,CA,google_places_text_search,print shop in Calgary AB Canada,ChIJr8jDQOtkcVMRxp4GFrXyMCo,"6520 36 St NE #2115, Calgary",51.1107962,-113.9803143,(587) 441-6111,+1 587-441-6111,4.4,29,,https://maps.google.com/?cid=3040196608047619782,OPERATIONAL,true,1,establishment,,establishment;point_of_interest;store,,,,,,,
Calgary Print,https://www.calgaryprint.ca/,Unit 500,5075 Falconridge Blvd NE,AB,T3J 3K9,CA,google_places_text_search,print shop in Calgary AB Canada,ChIJuRGAg4ZlcVMRAR85hWpJch8,"Unit 500, 5075 Falconridge Blvd NE, Calgary",51.0968938,-113.9614725,(403) 615-2727,+1 403-615-2727,,,,https://maps.google.com/?cid=2265954284371255041,OPERATIONAL,true,1,establishment,,establishment;point_of_interest;store,,,,,,,
